infiltrating duct carcinoma nos,0,10,203,42072,6191,432931,11395,509270
duct carcinoma in situ solid type,0,0,0,701,25,9002,11,4820
intraductal carcinoma noninfiltrating nos,2,0,16,2663,179,51022,326,51010
infiltr. duct mixed with other types of carcinoma in situ,0,0,9,3171,102,36558,87,19279
carcinoma nos,28,23,977,2195,22495,24577,144688,142616
intracystic carcinoma nos,0,0,6,26,33,371,52,1072
lobular carcinoma nos,0,0,0,1978,41,45655,81,67624
adenocarcinoma nos,98,41,10725,11096,555647,178999,1414704,597384
infiltrating duct and lobular carcinoma,0,0,3,2190,57,37761,97,42150
paget disease and intraductal ca.,0,0,0,57,3,794,12,1950
noninfiltrating intraductal papillary adenocarcinoma,0,0,6,129,80,2543,129,4985
papillary carcinoma nos,4,16,547,2744,3624,12207,5705,10752
comedocarcinoma non-infiltrating,0,0,0,790,16,14512,21,13776
mucinous adenocarcinoma,9,28,1035,2294,12206,21583,29564,57893
paget dis. & infil. duct carcinoma,0,0,1,136,35,1461,70,2940
medullary carcinoma nos,40,41,254,689,721,5176,582,6599
lobular carcinoma in situ,0,0,3,1478,21,22555,5,11285
comedocarcinoma nos,0,0,0,58,9,3057,32,6368
adenocarcinoma in situ,0,0,48,100,1015,1607,3163,4676
tubular adenocarcinoma,0,0,15,145,341,5683,819,8807
neoplasm malignant,106,91,947,1474,19168,14796,95498,106776
scirrhous adenocarcinoma,0,0,0,1,30,175,235,2910
signet ring cell carcinoma,8,12,936,973,7996,6842,12926,12138
noninfiltrating intracystic carcinoma,0,0,0,16,30,407,31,940
infiltrating ductular carcinoma,0,0,1,35,19,563,42,1209
cribriform carcinoma in situ,3,1,12,727,64,12362,59,7739
intraductal micropapillary carcinoma,0,0,0,190,10,3027,11,1791
mucin-producing adenocarcinoma,1,0,152,135,3411,3123,17441,20103
inflammatory carcinoma,0,0,0,313,5,3944,29,4497
small cell carcinoma nos,9,9,232,487,20043,19209,57319,50205
papillary adenocarcinoma nos,155,769,5435,21465,21834,41122,16935,28278
carcinoma in situ nos,1,4,184,567,1825,3795,4267,5812
carcinoma undifferentiated type nos,14,8,207,133,1109,1102,6172,4841
infiltr. duct mixed with other types of carcinoma,0,1,9,1439,113,14487,142,13135
intraductal papillary adenocarcinoma with invasion,0,0,1,87,59,1275,120,2483
infiltrating lobular mixed with other types of carc.,0,0,0,58,1,1848,7,1951
hemangiosarcoma,6,11,148,185,693,775,1512,1747
None,0,0,0,11,0,119,3,209
None,0,0,2,3,14,44,57,155
intraductal and lobular in situ carcinoma,0,0,1,225,4,5682,3,3942
paget disease mammary,0,0,0,25,4,306,16,886
metaplastic carcinoma nos,0,0,2,223,12,1757,31,1546
adenoid cystic carcinoma,4,4,250,360,1167,2018,1584,2757
adenosquamous carcinoma,2,0,63,693,2430,5213,8257,10848
papillary carcinoma in situ,0,1,2,21,40,359,113,928
squamous cell carcinoma nos,47,39,2958,8207,104406,69703,265886,156091
carcinoma anaplastic type nos,0,0,20,23,455,504,2536,2472
carcinosarcoma nos,0,3,11,173,257,3680,909,6062
apocrine adenocarcinoma,0,0,13,106,78,1218,152,1801
large cell carcinoma nos,0,1,44,39,3572,2519,25304,15940
solid carcinoma nos,0,1,3,23,163,421,157,393
phyllodes tumor malignant,0,7,2,390,4,1622,5,919
alveolar adenocarcinoma,0,0,0,1,22,32,226,261
stromal sarcoma nos,0,0,2,37,29,260,69,227
pleomorphic carcinoma,0,0,13,19,229,298,490,551
carcinoma simplex,0,0,0,0,0,0,13,40
medullary carcinoma with lymphoid stroma,0,0,1,2,2,101,5,266
None,0,0,0,0,0,6,1,8
hemangioendothelioma malignant,5,5,18,16,47,49,69,57
sarcoma nos,59,53,393,389,1411,1555,2688,2760
giant cell sarcoma,10,8,131,126,842,597,1255,781
cribriform carcinoma,0,0,7,87,93,1115,410,1565
None,0,0,0,27,2,369,2,315
bowen disease,1,0,148,143,659,1270,884,1332
None,0,0,6,238,52,1550,49,949
secretory carcinoma of breast,6,7,18,34,27,109,7,85
adenocarcinoma with mixed subtypes,7,9,294,284,4090,4151,4741,4976
osteosarcoma nos,404,352,1055,790,680,546,505,510
carcinoid tumor malignant,170,231,1852,2664,14495,16802,13480,16803
None,0,0,4,8,13,60,21,96
fibrosarcoma nos,19,16,128,104,335,381,527,542
mixed tumor malignant nos,0,0,16,15,109,94,250,236
mesenchymoma malignant,3,0,15,9,29,27,69,74
liposarcoma nos,1,3,63,55,563,431,1074,740
fibrous histiocytoma malignant,13,12,213,224,1644,1124,5988,3430
adenocarcinoma with squamous metaplasia,0,1,2,199,25,1819,154,3977
mixed cell adenocarcinoma,0,2,5,630,202,7808,362,5469
None,0,0,1,0,13,17,23,23
None,0,0,0,31,2,263,1,320
trabecular adenocarcinoma,0,0,2,4,137,47,220,153
spindle cell carcinoma,1,2,24,32,318,307,1019,966
None,0,0,0,0,0,3,0,9
leiomyosarcoma nos,21,20,377,741,2494,6271,4455,6736
None,0,0,0,1,0,47,0,27
angiomyosarcoma,0,0,1,4,6,12,25,19
epithelial-myoepithelial carcinoma,1,0,19,15,85,123,114,195
malignant melanoma nos,179,247,6577,10750,47616,40462,61568,37112
neuroendocrine carcinoma,26,41,689,909,7945,7280,10777,10099
None,0,0,0,0,0,2,0,5
clear cell adenocarcinoma nos,18,23,3267,2660,34205,24721,28722,24673
spindle cell sarcoma,30,19,204,175,612,635,1066,980
None,0,0,0,0,0,1,1,6
sq. cell carcinoma keratinizing nos,11,6,766,1455,16151,11258,28319,18798
acinar cell carcinoma,13,38,270,395,4874,2354,12256,2785
sq. cell carcinoma spindle cell,0,0,20,21,442,224,970,585
malignant tumor spindle cell type,2,6,13,19,73,70,237,212
liposarcoma well differentiated,1,2,123,98,1225,921,1383,887
atypical medullary carcinoma,0,0,0,28,0,260,0,134
adenocarcinoma with spindle cell mataplasia,0,0,0,3,4,41,10,103
tumor cells malignant,0,3,11,13,156,140,2233,1883
dedifferentiated liposarcoma,1,0,48,39,705,384,857,378
glycogen-rich carcinoma,0,0,0,4,4,20,0,25
pseudosarcomatous carcinoma,0,0,27,31,708,486,1251,934
malignant tumor giant cell type,0,0,3,6,12,15,57,78
epithelioid sarcoma,24,21,181,120,224,196,145,131
telangiectatic osteosarcoma,29,15,51,37,24,12,7,9
carcinoma with osteoclast-like giant cells,0,0,0,2,15,41,13,20
alveolar soft part sarcoma,10,18,86,94,34,56,10,4
None,0,0,0,0,2,2,6,7
adenocarcinoma with neuroendocrine differen.,1,1,25,33,407,376,532,475
basaloid carcinoma,1,0,6,10,193,258,380,498
lymphoepithelial carcinoma,8,2,148,76,622,331,612,309
duct carcinoma desmoplastic type,0,0,0,0,2,12,1,21
malignant rhabdoid tumor,106,83,30,28,53,43,43,40
giant cell carcinoma,0,0,5,6,197,144,887,590
squamous cell carcinoma in situ nos,7,6,600,1082,5438,7305,8638,7087
None,0,0,0,0,2,4,0,0
atypical carcinoid tumor,7,10,91,114,452,613,308,465
non-small cell carcinoma,3,3,178,166,15716,11471,39054,30840
adenocarcinoma w cartilag. & oss. metaplas.,0,0,0,1,5,39,5,46
polymorphous low grade adenocarcinoma,1,0,15,46,124,257,90,212
basal cell adenocarcinoma,0,2,7,17,90,94,121,118
None,0,0,0,8,26,174,97,492
papillary carcinoma encapsulated,2,11,57,282,160,522,53,155
None,0,0,0,0,0,8,0,5
malignant myoepithelioma,7,6,44,39,112,119,84,124
undifferentiated sarcoma,42,30,98,59,253,278,276,267
None,0,0,0,0,0,4,0,11
large cell neuroendocrine carcinoma,0,1,48,63,1410,1173,1779,1507
cystadenocarcinoma nos,1,1,9,35,50,299,139,1076
paget disease extramammary,0,0,1,18,149,357,802,1440
granular cell carcinoma,0,0,9,14,319,184,983,561
adenocarcinoma with apocrine metaplasia,0,0,0,1,1,37,1,69
sq. cell carcinoma keratinizing nos in situ,0,0,4,4,55,59,154,89
adenocarcinoma in situ in adenomatous polyp,0,0,73,62,2546,1771,7797,5727
sweat gland adenocarcinoma,0,0,9,6,112,72,256,240
fibromyxosarcoma,30,18,170,180,571,496,563,436
medullary carcinoma with amyloid stroma,3,3,33,59,189,276,297,431
bronchiolo-alveolar adenocarcinoma,0,0,27,36,1391,2381,10191,13141
None,0,0,0,0,0,0,0,1
intraductal papillary-mucinous carcinoma non-inv.,0,0,2,3,113,99,141,110
papillary squamous cell carcinoma,1,0,28,63,602,409,929,749
papillary cystadenocarcinoma nos,0,0,3,12,24,227,48,1150
None,0,0,0,0,0,6,0,5
dermatofibrosarcoma nos,108,96,1263,1456,2336,2632,957,1007
papillary squamous cell carcinoma non-invasive,0,0,4,4,70,38,128,77
mucoepidermoid carcinoma,57,70,597,884,1768,2266,2421,2196
intraductal papillary-mucinous carcinoma invasive,0,0,0,1,91,80,136,128
basal cell carcinoma nos,0,0,5,17,112,337,291,1267
melanoma in situ,88,91,3904,8754,39787,39057,47562,27002
malignant peripheral nerve sheath tumor,46,61,385,267,545,465,376,311
basaloid squamous cell carcinoma,1,1,63,84,2681,1562,1682,1248
myxoid liposarcoma,25,29,366,276,892,609,693,495
malignant eccrine spiradenoma,0,0,4,4,23,18,28,40
combined small cell carcinoma,1,2,5,18,461,341,1076,783
endometrial stromal sarcoma,0,0,2,112,7,1118,11,981
None,0,0,0,0,0,0,0,1
astrocytoma nos,297,304,1455,1175,2520,1894,3383,2854
small cell sarcoma,12,9,60,55,53,60,31,38
pleomorphic liposarcoma,2,3,30,29,245,168,461,318
enterochromaffin cell carcinoid,1,0,5,6,17,19,80,82
rhabdomyosarcoma nos,89,69,153,98,179,155,174,266
sq. cell carcinoma lg. cell non-ker.,14,5,361,1516,6869,7159,7061,6854
None,0,0,0,0,0,1,3,3
None,0,0,0,0,0,0,0,1
glassy cell carcinoma,0,1,0,26,2,37,14,23
None,0,0,0,1,0,1,0,1
giant cell and spindle cell carcinoma,0,0,0,0,20,15,156,98
solid pseudopapillary carcinoma,4,30,14,142,25,81,9,7
chondrosarcoma nos,34,14,445,334,1174,1053,1067,891
verrucous carcinoma nos,0,0,66,22,846,300,1456,1406
hemangiopericytoma malignant,6,9,45,59,213,204,153,237
granular cell tumor malignant,0,3,8,20,17,56,15,45
malignant tumor small cell type,0,0,21,11,22,21,124,98
oxyphilic adenocarcinoma,4,7,108,417,817,1764,972,1566
mucinous cystadenocarcinoma nos,0,7,8,319,133,1783,293,2890
lipid-rich carcinoma,0,0,0,0,0,3,0,6
alveolar rhabdomyosarcoma,211,168,259,236,77,90,39,23
sclerosing sweat duct carcinoma,2,2,19,38,113,160,198,237
malignant tumor clear cell type,1,4,2,8,12,39,11,25
None,1,0,0,0,0,13,1,7
papillary carcinoma columnar cell,2,9,79,320,289,645,157,255
goblet cell carcinoid,0,0,66,54,491,462,237,290
superficial spreading adenocarcinoma,0,0,2,6,27,9,138,85
mixed islet cell & exocrine adenocarcinoma,1,0,5,3,43,36,50,32
ewing sarcoma,432,334,1044,675,434,272,46,37
None,0,0,3,0,37,13,69,49
eccrine adenocarcinoma,0,2,16,13,98,101,168,169
synovial sarcoma nos,25,35,265,212,347,351,160,131
None,0,0,0,0,0,1,0,6
None,0,0,0,0,0,1,0,7
linitis plastica,0,0,15,26,235,255,1003,1094
superficial spreading melanoma,83,91,4935,9050,31459,30691,31782,20350
None,0,0,0,1,5,1,1,8
clear cell sarcomanos (except of kidney m-8964/3),10,16,78,46,76,80,33,46
peripheral neuroectodermal tumor,71,47,161,139,92,79,52,53
chondroblastic osteosarcoma,82,66,250,176,98,82,43,45
synovial sarcoma spindle cell,31,25,230,207,235,202,58,55
sebaceous adenocarcinoma,3,1,45,24,738,453,1766,1308
epithelioid leiomyosarcoma,1,0,9,38,69,270,239,310
None,4,9,3,6,2,5,1,0
solitary fibrous tumor malignant,0,1,18,25,138,124,122,121
adenocarcinoma in situ in villous adenoma,0,0,12,30,669,573,3715,3467
adenocarcinoma in adenomatous polyp,2,2,567,597,12054,9322,24583,21408
adenocarcinoma in tubulovillous adenoma,1,4,569,657,12242,10087,23087,21275
adenocarcinoma in situ in tubulovillous adenoma,0,0,85,117,2923,2280,7078,5895
adenocarcinoma in villous adenoma,0,0,151,155,3287,2872,13815,14071
adenocarcinoma in mult. adenomatous polyps,0,0,14,11,37,20,137,68
villous adenocarcinoma,0,0,2,39,95,186,523,593
amelanotic melanoma,0,1,32,42,401,293,783,558
adenocarc. in situ in mult. adenomatous polyps,0,0,2,2,12,7,43,27
adenocarcinoid tumor,1,2,38,31,227,222,197,206
basosquamous carcinoma,0,0,2,6,76,88,147,192
transitional cell carcinoma nos,9,2,347,177,16637,5494,77177,30440
adenocarcinoma in adenoma. polyposis coli,1,1,56,37,100,89,91,55
None,0,1,0,5,39,27,15,20
cloacogenic carcinoma,0,0,3,3,150,505,570,1264
neurilemmoma malignant,4,1,57,63,215,182,258,252
None,0,0,0,0,6,10,31,31
adenocarcinoma intestinal type,1,1,79,53,1895,856,5493,3274
papillary trans. cell carcinoma,29,23,1772,676,46743,14548,169065,55529
spindle cell melanoma nos,2,6,129,130,976,683,2196,1214
composite carcinoid,0,0,21,32,271,265,217,201
myosarcoma,4,1,4,6,14,16,33,28
gastrointestinal stromal sarcoma,9,9,307,284,2850,2398,2899,2778
mucinous cystic tumor of borderline malignancy (c56.9),0,0,0,166,0,1081,5,923
mullerian mixed tumor,0,2,0,81,2,2274,3,5872
hepatoid adenocarcinoma,0,0,2,6,56,38,48,44
serous cystadenocarcinoma nos,0,13,4,1009,20,16049,36,16015
nodular melanoma,25,28,821,901,6176,4019,10451,6303
mucosal lentiginous melanoma,0,1,3,4,16,43,14,40
squamous intraepithelial neoplasia grade iii,8,21,1701,6099,4501,19456,296,6765
mucinous cystadenocarcinoma non-invasive,0,0,0,27,10,53,3,30
endometrioid carcinoma,0,11,0,6603,8,81815,129,61403
adenocarcinoma in situ in familial polyp. coli,1,0,4,7,12,8,16,6
desmoplastic small round cell tumor,43,11,207,51,61,16,11,10
squamous cell carcinoma clear cell type,0,0,1,6,38,42,74,75
carcinoma diffuse type,1,0,125,130,931,764,1535,1301
papillary serous cystadenocarcinoma,0,4,1,707,12,12932,17,25739
sq. cell carcinoma sm. cell non-ker.,1,2,7,30,199,201,272,296
infantile fibrosarcoma,60,44,14,15,1,3,2,1
choriocarcinoma,27,9,254,667,232,642,68,81
sq. cell carcinoma lg. cell non-ker. in situ,0,0,0,0,7,17,23,23
endometrial stromal sarcoma low grade,0,3,0,157,0,782,0,172
None,0,0,0,0,10,4,5,7
serous surface papillary carcinoma,0,2,2,128,11,2554,17,4970
comb. hepatocel. carcinoma & cholangiocarcinoma,0,0,12,12,315,111,331,207
None,0,0,14,6,8,19,7,10
transitional cell carcinoma in situ,0,0,12,6,235,110,1401,463
oat cell carcinoma,0,0,8,1,728,674,12280,8869
mesodermal mixed tumor,0,0,0,4,0,216,7,1177
germ cell tumor nonseminomatous,30,2,741,3,185,4,11,3
None,0,0,2,0,27,17,11,21
renal cell carcinoma,28,34,1023,771,17049,9044,40638,24853
acinar cell cystadenocarcinoma,0,0,1,0,6,5,6,4
acral lentiginous melanoma malig.,2,2,89,145,588,755,1041,1040
sq. cell carc. in situ with question. stromal invas.,0,0,2,2,15,12,24,24
mixed epithel. & spindle cell melanoma,16,23,63,75,384,302,672,521
adenosarcoma,0,1,0,157,5,763,7,594
large cell carcinoma with rhabdoid phenotype,0,0,0,0,12,13,32,10
None,0,0,0,0,2,1,0,5
embryonal carcinoma nos,90,11,2762,12,2830,31,337,19
primitive neuroectodermal tumor,249,219,445,315,161,168,67,69
myxoid leiomyosarcoma,0,0,4,30,28,173,46,104
None,3,4,11,16,20,21,13,14
papillary mucinous cystadenocarcinoma,0,0,1,19,13,201,23,476
None,0,0,0,0,1,4,0,3
ceruminous adenocarcinoma,0,0,0,2,9,6,13,10
epithelioid hemangioendothelioma malignant,3,2,51,45,91,144,61,86
None,0,0,0,0,0,0,0,1
cholangiocarcinoma,5,5,247,239,4369,3626,7647,7851
hepatocellular carcinoma nos,51,30,951,391,42607,9186,35045,15909
myxosarcoma,3,2,26,16,73,83,126,95
islet cell carcinoma,0,1,22,30,318,268,557,431
klatskin tumor,0,0,6,2,219,138,762,681
ganglioneuroblastoma,197,281,111,163,12,20,7,13
neuroblastoma nos,1491,1268,698,556,59,67,32,32
dysgerminoma,1,95,22,647,107,310,176,30
teratoma malignant nos,199,353,605,919,501,347,66,65
insulinoma malignant,0,0,6,9,31,28,16,36
embryonal rhabdomyosarcoma,468,315,488,300,116,108,36,56
epithelioid cell melanoma,2,1,43,63,321,258,428,327
seminoma anaplastic,1,0,90,0,563,0,204,0
hepatocellular carcinoma clear cell type,0,0,9,8,162,78,206,133
hepatoblastoma,471,301,115,87,7,4,11,10
mixed type liposarcoma,1,1,37,28,125,83,128,68
glucagonoma malignant,0,0,1,0,12,11,19,16
yolk sac tumor,217,149,498,355,280,150,34,35
gastrinoma malignant,0,0,12,8,67,70,68,73
paraganglioma malignant,4,4,62,38,114,95,44,84
vipoma,0,0,0,1,3,5,7,12
choriocarcinoma combined w/ other germ cell elements,26,6,612,23,525,19,46,2
seminoma nos,81,0,11574,0,16112,2,2135,2
None,0,0,0,0,0,0,0,1
hepatocellular carcinoma fibrolamellar,17,15,95,74,69,37,47,29
neuroepithelioma nos,5,7,34,15,17,16,13,12
mixed germ cell tumor,445,134,8098,261,3158,57,111,15
sq. cell carcinoma micro-invasive,0,0,13,901,189,3755,394,1890
pheochromocytoma,7,3,50,52,153,134,118,114
round cell liposarcoma,0,1,18,15,96,72,56,49
None,0,0,0,0,4,5,3,7
None,0,0,0,0,0,2,1,3
adenocarcinoma of anal glands,0,0,1,0,6,3,10,7
papillary mucinous cystadenoma borderline malignancy (c56.9),0,0,0,8,0,88,2,56
germinoma,207,90,1051,166,649,71,94,15
serous cystadenoma borderline malignancy (c56.9),0,0,0,111,0,774,0,643
hepatocellular carcinoma scirrhous,0,0,3,1,45,16,20,20
parietal cell carcinoma,0,0,0,0,0,1,1,1
extra-adrenal paraganglioma malignant,3,0,10,7,28,14,11,11
embryonal sarcoma,22,42,34,23,8,6,5,2
pancreatoblastoma,8,3,6,9,6,3,2,1
hepatocellular carcinoma spindle cell variant,0,0,0,0,27,8,22,14
enterochromaffin-like cell tumor malignant,0,0,0,0,0,0,3,2
somatostatinoma malignant,0,0,0,0,6,5,4,3
squamous cell carcinoma adenoid,0,0,4,5,59,44,118,111
merkel cell carcinoma,2,1,26,30,1067,655,4983,3044
hepatocellular carcinoma pleomorphic type,0,0,0,0,10,2,8,3
small cell osteosarcoma,8,6,20,4,2,9,2,2
fascial fibrosarcoma,0,0,0,0,2,3,12,8
teratocarcinoma,22,6,831,19,1454,20,130,15
kupffer cell sarcoma,0,0,0,0,0,2,1,0
bile duct cystadenocarcinoma,0,0,0,0,3,10,5,5
giant cell tumor of bone malignant,4,3,55,73,89,76,25,31
None,0,0,0,1,0,2,3,2
serous papillary cystic tumor of borderline malignancy (c56.9),0,0,1,168,1,1295,1,870
adrenal cortical carcinoma,31,46,92,167,414,570,394,480
skin appendage carcinoma,2,2,27,29,222,175,668,499
granulosa cell tumor malignant,0,10,1,287,6,972,1,779
nephroblastoma nos,1042,1212,564,677,39,49,10,27
papillary carcinoma follicular variant,80,233,1799,9947,6688,24277,3525,7968
None,0,1,0,2,0,3,3,5
pleomorphic rhabdomyosarcoma adult type,2,3,32,6,126,59,143,120
sertoli cell carcinoma,0,0,26,9,29,6,7,11
None,0,0,0,0,1,1,0,0
None,0,0,0,3,0,8,1,4
perineurioma malignant,1,0,0,1,1,4,2,6
nonencapsulated sclerosing carcinoma,12,24,28,135,55,224,52,104
myxoid chondrosarcoma,4,3,63,46,246,132,185,114
mixed type rhabdomyosarcoma,17,8,12,10,5,9,8,13
None,0,0,0,1,1,7,0,9
synovial sarcoma biphasic,18,24,150,128,136,116,43,27
small cell carcinoma intermediate cell,0,0,1,1,119,107,1357,978
None,0,1,0,13,0,17,0,6
ovarian stromal tumor mal.,1,0,4,18,13,28,10,32
small cell carcinoma fusiform cell,0,0,0,0,11,11,66,53
mesenchymal chondrosarcoma,12,7,50,46,42,37,29,26
glandular intraepithelial neoplasia grade iii,0,0,1,1,9,17,5,4
struma ovarii malignant,0,0,0,28,0,56,1,14
mucinous adenocarcinoma endocervical type,0,0,0,122,1,215,0,60
mpnst with rhabdomyoblastic differentiation,7,2,26,18,28,16,13,15
None,0,0,0,1,1,3,0,1
None,0,0,0,0,0,1,1,2
basal cell carcinoma nodular,0,0,2,13,31,91,74,225
desmoplastic melanoma malignant,2,1,56,65,793,558,2014,736
None,0,0,3,1,10,5,5,14
None,0,0,0,0,0,0,1,2
None,0,0,0,0,0,1,0,0
brenner tumor malignant,0,0,0,5,0,85,0,188
None,0,0,0,0,0,0,0,1
None,0,0,4,4,6,7,3,4
glomangiosarcoma,0,0,3,2,4,7,2,1
adenocarcinoma endocervical type,0,0,0,538,0,773,0,112
androblastoma malignant,0,0,0,2,0,6,1,6
None,0,0,0,2,0,15,0,52
mesonephroma malignant,0,0,0,14,0,70,5,100
thecoma malignant,0,0,0,2,0,11,0,22
None,0,0,0,34,0,399,0,232
endometrioid adenofibroma malignant,0,0,0,2,0,50,0,59
None,0,0,0,7,0,18,0,28
steroid cell tumor malignant,0,2,0,10,0,20,0,14
endometrioid adenocarcinoma secretory variant,0,0,0,23,0,185,0,108
None,0,0,0,0,0,1,0,3
None,0,0,0,0,0,0,0,1
clear cell adenocarcinofibroma,0,0,0,1,3,28,2,21
leydig cell tumor malignant,2,0,47,1,86,1,38,8
multifocal superficial basal cell carcinoma,0,0,0,1,3,8,6,28
None,0,0,0,0,1,0,0,3
None,0,0,0,0,0,9,11,13
papillary cystadenoma borderline malignancy (c56.9),0,0,0,10,0,59,0,38
spermatocytic seminoma,0,0,33,1,169,0,167,1
basal cell carcinoma fibroepithelial,0,0,1,1,1,3,8,18
superficial spreading melanoma in situ,5,11,556,1363,4264,5303,4201,2897
lentigo maligna,7,12,398,566,13225,8384,34872,17840
None,0,0,0,0,0,2,0,2
follicular adenocarcinoma nos,11,43,306,1353,1280,3212,1357,2490
metatypical carcinoma,0,0,0,0,2,0,2,4
None,0,0,0,0,0,4,3,11
sertoli-leydig cell tumor poorly differentiated,1,12,1,66,3,54,3,38
trophoblastic tumor epithelioid,0,1,0,49,0,33,0,0
adenoid basal cell carcinoma,0,0,0,11,1,31,5,64
None,0,0,0,0,0,4,0,5
teratoma with malig. transformation,2,2,16,8,12,50,1,24
serous adenocarcinofibroma,0,0,0,4,0,35,0,29
None,0,0,0,0,0,1,0,1
None,0,0,0,0,0,4,0,1
None,0,0,0,18,0,192,1,114
endometrioid adenocarcinoma ciliated cell variant,0,0,0,3,0,65,0,44
None,0,0,0,1,0,4,0,0
granulosa cell-theca cell tumor mal.,0,0,0,0,0,4,0,14
malignant teratoma intermediate,1,1,1,2,4,1,1,1
None,0,0,0,0,0,0,0,1
carcinosarcoma embryonal type,0,0,0,1,1,7,5,19
mal. melanoma in junctional nevus,1,4,55,126,319,275,275,158
None,1,8,0,17,0,2,0,0
lentigo maligna melanoma,4,1,172,204,4842,2477,13000,6195
None,0,0,0,10,1,17,0,8
None,0,0,0,1,0,5,0,3
None,0,0,0,0,0,3,0,5
malignant placental site trophoblastic tumor,0,0,0,32,0,33,0,0
None,0,0,1,0,0,0,2,1
gynandroblastoma malignant,0,0,0,1,0,0,0,1
follicular adenocarcinoma well diff.,3,7,34,141,125,342,141,261
sertoli-leydig cl tum. p.d. w heterologous elements,0,5,0,27,0,11,0,1
None,0,0,0,1,0,1,0,0
infiltrating basal cell carcinoma nos,0,0,0,0,1,6,8,13
nodular hidradenoma malignant,0,1,21,15,90,70,165,124
malignant teratoma undiff.,0,0,6,5,8,1,1,3
mucinous adenocarcinofibroma,0,0,0,4,3,11,1,10
None,0,0,0,0,0,0,0,4
queyrat erythroplasia,0,0,7,0,26,0,128,2
None,0,0,0,1,1,0,1,2
None,0,0,0,1,0,0,0,1
malignant teratoma trophoblastic,0,0,3,9,3,1,0,1
None,0,0,0,0,0,2,0,2
insular carcinoma,0,0,11,20,61,70,62,65
malignant giant cell tumor of soft parts,1,1,3,5,15,13,21,20
None,0,0,0,4,0,9,0,4
ependymoma anaplastic,170,178,133,85,76,77,22,28
precancerous melanosis nos,0,0,4,4,32,20,62,30
carcinofibroma,0,0,0,0,1,1,1,2
None,0,0,8,6,114,69,206,67
epithelioma malignant,0,0,1,1,3,13,17,14
papillary trans. cell carcinoma non-invasive,1,0,54,14,1557,687,4713,2604
oligodendroblastoma,0,1,5,5,19,16,10,10
None,0,0,0,0,0,0,0,1
None,0,0,0,0,0,2,0,0
trichilemmocarcinoma,0,0,0,0,0,3,1,0
None,0,0,0,0,0,1,0,0
atypical teratoid/rhabdoid tumor,164,141,9,8,0,2,2,0
None,2,2,20,49,115,211,168,205
None,0,0,0,1,0,1,0,0
glioma malignant,895,871,952,941,1138,874,1683,1722
squamous cell carcinoma with horn formation,0,0,0,1,1,4,7,6
ependymoma nos,224,184,619,564,918,822,420,340
malignant lymphoma non-hodgkin,87,27,789,472,5349,3406,12095,11457
malignant lymphoma nos,38,22,570,360,4218,1965,9235,9574
ml large b-cell diffuse,289,198,4443,2978,24948,15922,39427,39005
ml small b lymphocytic nos,2,5,85,30,2091,1328,8158,6695
ml large b-cell diffuse immunoblastic nos,0,1,130,60,1738,373,2315,1982
acute myeloid leukemia,490,409,1718,1604,6155,5267,17268,14556
b-cell chr. lymph. leuk./small lymphocytic lymphoma,39,27,549,350,16686,9317,42510,31215
follicular lymphoma grade 3,17,13,260,190,2365,2120,3128,3650
chronic myelomonocytic leukemia nos,10,2,42,37,759,401,3762,2396
multiple myeloma,41,27,814,620,18441,14203,44042,39021
acute myeloid leukemia m6 type,25,12,37,37,207,118,715,462
follicular lymphoma grade 1,1,5,241,239,3715,3405,6152,6723
follicular lymphoma grade 2,11,4,395,347,4091,3840,5139,5676
acute leukemia nos,56,57,207,134,409,304,2631,2449
ml mixed sm. and lg. cell diffuse,0,0,37,19,392,276,2180,2430
hodgkin lymphoma nos,184,161,1718,1397,2741,1604,1949,1605
angioimmunoblastic t-cell lymphoma,2,0,39,28,476,324,618,629
mantle cell lymphoma,4,3,110,36,3213,1192,5857,3033
precursor cell lymphoblastic leukemia nos,1460,1170,4045,2934,1626,1088,1482,1346
hodgkin lymphoma mixed cellularity nos,138,41,1082,504,2350,1032,1983,1455
anaplastic large cell lymphoma t-cell and null cell type,132,69,523,311,948,547,861,634
plasmacytoma extramedullary,2,4,70,42,556,255,908,593
leukemia nos,43,30,98,102,340,256,2515,2474
chronic myeloid leukemia nos,62,45,1171,767,4186,2830,6956,5856
myeloid leukemia nos,13,11,83,67,262,204,1401,1144
acute monocytic leukemia,125,111,261,254,724,658,1595,1204
lymphoid leukemia nos,12,6,35,25,111,78,625,575
precursor cell lymphoblastic lymphoma nos,81,48,402,171,357,152,314,165
follicular lymphoma nos,50,9,378,289,3657,3281,4852,5225
cutaneous t-cell lymphoma nos,15,16,192,152,955,681,1170,881
hairy cell leukemia,3,3,268,73,2270,543,2316,758
marginal zone b-cell lymphoma nos,65,31,653,624,4866,5483,7213,8735
mycosis fungoides,86,53,535,534,2270,1722,3008,1965
ml lymphoplasmacytic,3,2,32,33,795,600,2016,1714
hodgkin lymphoma lymphocytic deplet. nos,2,4,62,41,199,62,325,257
hodgkin lymphoma nod. scler. cellular phase,5,2,96,65,212,130,138,88
hodgkin lymphoma lymphocyt. deplet. reticular,0,1,0,3,19,6,43,32
hodgkin lymph. nodular lymphocyte predom.,165,39,602,208,679,363,247,165
myeloid sarcoma,31,21,63,57,149,114,238,165
hodgkin lymphoma lymphocyte-rich,36,10,295,114,581,279,327,255
hodgkin lymphoma nodular sclerosis nos,566,534,5865,6754,6085,5937,2331,1916
None,5,2,49,60,362,349,425,350
acute myelomonocytic leukemia,78,70,342,278,962,863,2098,1621
acute promyelocytic leuk.t(15;17)(q22;q11-12),99,99,675,791,1240,1072,746,732
mature t-cell lymphoma nos,40,33,371,225,1619,934,2014,1579
acute myeloid leuk. with multilineage dysplasia,22,9,96,78,827,557,1820,1203
splenic marginal zone b-cell lymphoma,2,0,20,16,481,470,687,780
acute megakaryoblastic leukemia,104,127,41,31,58,37,164,126
plasmacytoma nos,4,5,145,60,1227,725,1509,1012
sezary syndrome,0,0,6,7,46,39,154,85
acute myeloid leukemia 11q23 abnormalities,39,26,40,44,72,72,71,87
chronic myelogenous leukemia bcr/abl positive,72,57,844,503,1694,1339,941,783
plasma cell leukemia,0,1,3,1,67,60,164,181
therapy-related acute myeloid leukemia nos,41,36,62,49,333,433,299,330
acute myeloid leukemia without maturation,43,23,141,124,322,334,648,578
prolymphocytic leukemia t-cell type,2,1,9,5,114,79,158,121
burkitt lymphoma nos,541,124,1298,340,1926,514,914,587
acute basophilic leukemia,0,0,0,0,1,1,4,5
hodgkin sarcoma [obs],0,0,0,0,0,1,6,4
prolymphocytic leukemia nos,0,0,3,11,51,21,297,182
hodgkin lymph. lymphocyt. deplet. diffuse fibrosis,0,0,1,3,16,1,33,9
acute myeloid leukemia minimal differentiation,37,30,87,64,188,165,530,423
primary cutan. cd30+ t-cell lymphoprolif. disorder,16,11,93,106,315,252,376,219
adult t-cell leukemia/lymphoma (htlv-1 pos.),7,2,46,19,131,108,135,164
composite hodgkin and non-hodgkin lymphoma,9,5,58,37,162,88,145,149
hodgkin lymphoma nod. scler. grade 1,9,2,205,185,262,173,125,110
None,2299,1975,906,571,845,816,387,385
precursor b-cell lymphoblastic leukemia,1613,1418,940,647,522,464,260,313
acute myeloid leukemia with maturation,48,46,156,144,406,375,813,688
hodgkin granuloma [obs],0,0,0,0,5,3,5,6
prolymphocytic leukemia b-cell type,1,3,4,2,44,25,136,80
acute panmyelosis with myelofibrosis,1,3,13,8,81,75,177,144
hodgkin lymphoma nod. scler. grade 2,2,5,194,255,220,215,81,78
burkitt cell leukemia,122,76,92,50,122,64,89,82
nk/t-cell lymphoma nasal and nasal-type,8,4,164,70,308,161,176,121
mast cell leukemia,0,0,2,2,3,4,12,7
acute myeloid leukemia t(8;21)(q22;q22),42,52,96,122,172,144,195,108
aggressive nk-cell leukemia,2,2,14,7,31,21,36,15
precursor t-cell lymphoblastic lymphoma,81,30,244,102,84,50,34,34
None,2,1,71,23,206,44,81,41
atypical chronic myeloid leuk. bcr/abl negative,0,2,7,5,39,26,80,49
subcutaneous panniculitis-like t-cell lymphoma,11,17,13,38,28,57,22,26
intestinal t-cell lymphoma,2,0,5,5,49,33,54,45
precursor t-cell lymphoblastic leukemia,806,330,655,224,257,154,116,73
hepatosplenic gamma-delta cell lymphoma,6,1,48,12,32,27,13,6
None,2,0,5,6,15,11,6,12
None,1,0,43,14,169,83,99,66
acute biphenotypic leukemia,24,11,33,18,37,32,55,37
primary effusion lymphoma,0,0,38,0,70,5,38,13
None,0,0,0,1,17,20,9,14
ac. myelomonocytic leuk. w abn. mar. eosinophils,29,27,102,95,190,117,110,64
precursor b-cell lymphoblastic lymphoma,36,33,56,35,28,22,20,27
juvenile myelomonocytic leukemia,91,44,1,1,0,0,0,0
mediastinal large b-cell lymphoma,18,18,172,294,116,139,21,24
None,16,1,91,14,148,48,53,45
hypereosinophilic syndrome,12,9,57,23,141,81,90,77
None,1,0,1,3,14,10,5,5
None,16,11,15,10,23,19,10,11
None,39,27,68,45,116,95,34,28
None,17,12,8,2,2,0,0,1
None,2,2,11,0,23,5,5,2
chronic neutrophilic leukemia,0,0,2,2,10,9,41,24
None,1,0,4,3,7,13,10,12
None,4,0,14,5,12,9,7,5
None,21,9,11,7,31,14,21,10
None,49,46,7,6,10,2,2,4
None,33,35,1,0,0,1,0,0
None,22,27,7,8,8,14,6,3
None,2,3,2,2,5,5,3,11
None,158,154,2,2,3,1,0,2
None,187,155,2,6,9,4,4,4
None,0,1,10,2,5,1,4,3
None,4,3,1,1,1,2,0,0
None,17,16,4,2,2,2,0,0
None,5,4,0,1,0,0,0,0
None,1,0,0,0,0,0,0,0
None,0,0,4,0,10,0,0,0
eccrine poroma malignant,0,0,26,12,110,92,224,182
intratubular malignant germ cells,10,0,46,0,26,0,3,0
spindle cell rhabdomyosarcoma,25,18,20,14,21,12,13,2
None,0,0,0,0,2,0,2,1
None,0,0,1,0,1,0,0,0
polyembryoma,0,0,2,0,0,1,0,0
None,0,0,0,0,0,0,1,0
None,0,0,2,0,0,0,0,0
None,0,0,0,0,1,0,0,0
None,0,1,0,1,2,0,0,0
pilomatrix carcinoma,0,0,0,1,2,2,2,0
mal. melanoma in giant pigmented nevus,9,9,105,134,313,269,183,118
rhabdomyosarcoma with ganglionic differentiation,5,2,2,0,0,1,0,0
kaposi sarcoma,7,1,2175,83,16594,315,4143,1042
thymoma malignant nos,1,1,61,49,374,336,574,521
glioblastoma nos,200,179,1513,957,13509,8916,19773,16045
mesothelioma malignant,0,1,56,68,1039,589,7825,2108
myelodysplastic syndrome nos,99,82,260,253,3273,2612,16700,13234
pituitary adenoma nos,276,664,3623,9268,9396,9183,4866,3833
polar spongioblastoma,0,0,1,1,5,1,3,6
refractory anemia with sideroblasts,2,5,15,30,415,320,2176,1740
oligodendroglioma nos,62,59,873,662,1712,1370,610,483
refractory anemia with excess blasts,25,20,102,98,1242,827,3966,2584
waldenstrom macroglobulinemia,3,1,21,29,1045,640,3016,1947
papillary microcarcinoma,4,18,187,1134,781,3442,352,853
meningioma nos,91,103,1534,4241,8455,26176,10858,30226
chronic myeloproliferative disease nos,4,10,40,47,362,334,1240,1154
meningioma malignant,8,3,46,70,306,416,604,832
astrocytoma anaplastic,125,131,953,700,1788,1418,1387,1204
refractory anemia,6,12,37,52,485,498,2672,2370
essential thrombocythemia,53,66,505,943,2394,3401,3113,5171
refractory cytopenia with multilineage dysplasia,14,6,42,31,523,339,1970,996
fibrous mesothelioma malignant,0,0,3,5,180,62,1215,235
gliosarcoma,3,5,43,28,369,205,369,261
myelosclerosis with myeloid metaplasia,2,5,46,67,942,630,1654,1129
epithel. mesothelioma mal.,0,1,61,63,918,445,3129,909
None,0,0,0,0,3,0,2,3
fibrillary astrocytoma,53,43,235,179,410,318,280,238
carcinoma in pleomorphic adenoma,1,0,25,19,201,136,180,179
trans. cell carcinoma spindle cell,0,0,4,5,183,76,439,249
polycythemia vera,39,39,711,317,4485,2519,4081,4213
chordoma nos,21,24,153,130,436,298,522,367
spindle cell melanoma type b,1,0,13,13,132,93,234,217
atypical meningioma,20,20,200,267,720,1001,529,673
fibrous meningioma,4,3,38,156,170,796,129,365
thymoma type b1 malignant,1,0,18,29,105,100,54,70
adenoma nos,24,70,271,912,735,829,463,398
mixed glioma,33,33,618,427,915,711,343,244
oligodendroglioma anaplastic,8,6,240,187,682,528,244,204
mesothelioma biphasic malignant,0,0,9,9,182,74,678,136
psammomatous meningioma,4,3,29,103,122,777,91,654
hemangioblastoma,38,49,344,315,547,419,172,144
medulloblastoma nos,674,371,764,458,257,186,25,21
protoplasmic astrocytoma,0,1,17,12,31,27,18,15
retinoblastoma nos,640,609,214,237,5,2,0,1
ameloblastoma malignant,3,3,22,25,62,37,55,22
malignant histiocytosis,16,13,30,24,31,25,88,72
astroblastoma,4,8,17,24,36,31,38,30
gemistocytic astrocytoma,2,2,93,52,319,168,230,151
parosteal osteosarcoma,8,7,65,82,45,69,6,8
None,2,0,58,113,416,377,366,166
pilocytic astrocytoma,1247,1210,1251,1188,372,369,91,74
thymoma type ab malignant,0,3,14,15,126,136,92,91
osteosarcoma in paget disease,0,1,0,2,13,5,49,27
transitional meningioma,4,5,89,197,347,1148,258,532
follicular adenocarcinoma trabecular,1,0,11,17,26,64,58,88
giant cell glioblastoma,12,6,42,47,139,86,143,102
thymoma type b2 malignant,0,0,33,47,115,103,47,48
periosteal fibrosarcoma,1,0,2,0,3,4,6,6
neurilemoma nos,159,166,1818,1904,6260,6655,2363,2722
myelodysplastic syndr. with 5q deletion syndrome,6,3,8,12,127,208,533,836
None,0,0,2,8,15,14,11,12
carotid body tumor malignant,0,0,0,1,4,3,1,3
chromophobe carcinoma,0,0,3,7,59,37,63,50
None,0,1,3,3,10,10,49,34
synovial sarcoma epithelioid cell,0,0,3,2,5,4,2,3
thymic carcinoma nos,0,1,22,18,227,135,165,117
lymphangiosarcoma,2,0,1,2,3,8,13,33
mal. melanoma in precan. melanosis,0,1,3,2,13,9,17,15
pineoblastoma,60,56,82,87,48,62,18,16
fibroblastic osteosarcoma,12,11,64,64,59,55,27,34
desmoplastic medulloblastoma,83,77,89,51,29,20,5,6
pleomorphic xanthoastrocytoma,65,40,134,127,51,59,18,14
malignant melanoma regressing,0,0,47,45,424,267,658,255
malignant mastocytosis,8,9,44,79,163,165,127,97
spindle cell melanoma type a,0,0,1,5,7,8,16,27
central osteosarcoma,33,19,26,19,12,12,2,3
meningeal sarcomatosis,1,0,0,1,4,12,12,16
meningothelial meningioma,19,14,185,449,912,2169,587,1103
papillary carcinoma oxyphilic cell,0,4,13,54,46,116,16,36
None,19,13,97,126,741,663,1351,1242
subependymoma,9,8,95,57,300,119,91,40
ameloblastic fibrosarcoma,0,0,4,1,2,2,1,1
retinoblastoma undifferentiated,64,54,27,24,0,0,0,0
odontogenic tumor malignant,1,1,10,7,39,29,31,26
langerhans cell histiocytosis disseminated,78,73,44,36,11,14,8,13
blue nevus malignant,1,1,4,5,15,13,23,21
therapy-related myelodysplastic syndrome nos,3,5,12,15,91,83,179,178
gliomatosis cerebri,7,5,21,11,38,32,62,54
None,0,0,0,3,10,13,9,16
None,0,0,0,0,1,0,1,1
choroid plexus papilloma malignant,73,38,23,15,9,14,4,6
dedifferentiated chondrosarcoma,0,0,7,11,76,57,80,77
None,2,0,11,40,103,86,72,35
None,0,0,0,0,0,0,1,1
None,474,321,103,116,100,126,22,27
medullomyoblastoma,2,3,1,3,0,2,2,0
juxtacortical chondrosarcoma,3,0,18,2,8,10,7,4
chondroblastoma malignant,3,2,23,4,9,4,5,0
follicular carcinoma minimally invasive,6,23,110,566,354,865,162,278
histiocytic sarcoma,7,5,26,12,44,28,59,39
schneiderian carcinoma,0,0,5,1,14,7,25,14
angiomatous meningioma,5,3,26,27,155,160,69,87
None,0,0,0,9,13,18,22,11
None,43,36,21,28,71,36,10,10
None,8,14,7,6,6,2,3,4
None,1,0,0,0,0,3,3,1
clear cell meningioma,4,9,30,53,83,103,34,39
None,0,2,0,10,10,12,2,3
meningiomatosis nos,2,6,15,33,42,107,51,151
thymoma type a malignant,0,0,9,2,53,46,74,78
immunoproliferative disease nos,3,0,1,0,8,3,19,18
dysembryoplastic neuroepithelial tumor,120,112,139,104,38,29,2,2
myxopapillary ependymoma,41,29,276,172,263,213,44,45
adamantinomatous craniopharyngioma,120,95,85,69,133,120,30,32
interdigitating dendritic cell sarcoma,1,0,3,3,11,5,16,10
retinoblastoma differentiated,36,32,21,13,0,0,0,0
hemangiopericytoma benign,0,0,5,7,16,11,7,8
refract. anemia with excess blasts in transformation,2,1,3,1,17,13,116,93
neoplasm uncertain whether benign or malignant,62,74,181,207,398,383,618,887
None,0,0,0,0,1,0,1,3
prolactinoma,19,95,293,841,358,259,78,43
None,0,0,0,0,1,2,1,1
None,4,1,7,9,29,34,68,36
follicular dendritic cell sarcoma,1,0,18,20,34,38,15,24
pigmented dermatofibrosarcoma protuberans,3,9,37,48,43,49,12,14
None,0,0,4,3,12,10,1,4
papillary meningioma,3,4,15,11,39,28,21,14
None,56,57,22,30,22,21,8,11
craniopharyngioma,151,155,139,165,201,220,83,113
neoplasm benign,62,58,204,284,376,431,307,438
heavy chain disease nos,0,0,2,2,12,9,26,13
clear cell chondrosarcoma,1,2,16,7,25,8,8,3
papillary ependymoma,3,1,11,17,9,9,3,5
ganglioglioma anaplastic,26,12,42,17,30,12,4,6
malignant tenosynovial giant cell tumor,0,1,4,11,10,14,4,5
None,0,0,0,1,4,5,4,10
centrol neurocytoma,19,22,104,121,47,48,8,11
thymoma type b3 malignant,0,1,34,18,137,115,104,103
mixed medullary-papillary carcinoma,0,1,7,13,38,47,15,29
papillary craniopharyngioma,3,0,25,14,65,44,13,17
eccrine papillary adenocarcinoma,2,3,19,8,72,11,18,9
periosteal osteosarcoma,5,6,22,10,7,8,2,0
high grade surface osteosarcoma,1,3,6,6,3,1,1,1
carcinoma showing thymus-like element,0,1,0,2,5,5,1,3
mixed medullary-follicular carcinoma,0,0,2,5,12,20,8,10
neurofibroma nos,28,22,61,50,79,62,22,19
spindle epithelial tumor with thymus-like element,0,0,2,0,4,3,2,0
choroid plexus papilloma nos,94,71,62,87,47,67,15,22
gangliocytoma,9,7,19,13,14,16,4,4
ganglioglioma nos,278,233,300,261,101,113,19,11
cavernous hemangioma,97,96,319,403,434,606,153,173
chordoid glioma,3,2,6,6,4,7,2,4
None,0,0,0,0,1,1,0,0
neuroma nos,4,4,22,16,86,83,33,46
chondroid chordoma,1,2,15,9,24,26,11,8
hemangioma nos,28,28,96,117,195,232,82,133
None,0,0,1,1,0,0,1,1
None,0,0,0,0,1,0,0,0
plexiform neurofibroma,7,13,6,4,1,7,1,1
large cell medulloblastoma,48,31,12,12,2,1,1,1
hemangiopericytoma nos,2,7,25,20,53,70,32,24
neurofibromatosis nos,216,172,59,51,34,25,3,9
meningeal melanocytoma,0,0,3,2,5,9,3,4
adamantinoma of long bones,9,7,17,19,17,15,6,2
None,0,1,12,5,11,15,3,3
None,0,0,3,2,4,6,3,2
None,1,0,1,4,0,1,0,0
balloon cell melanoma,0,0,12,4,24,19,38,22
None,0,1,0,0,0,0,0,0
lipoma nos,78,121,48,52,48,64,13,24
None,3,1,8,6,12,11,1,4
None,0,1,0,0,0,0,0,1
atypical choroid plexus papilloma,18,16,6,5,9,9,1,1
teratoma nos,10,5,6,2,6,2,1,0
pituitary carcinoma nos,0,0,8,7,27,26,20,18
pineocytoma,1,11,22,58,29,49,9,16
paraganglioma nos,1,0,22,13,46,37,14,13
None,0,0,0,3,3,1,0,0
oxyphilic adenoma,0,0,0,3,10,4,2,6
solitary fibrous tumor,1,0,8,6,29,18,12,9
supependymal giant cell astrocytoma,94,72,59,47,10,7,0,0
dermoid cyst nos,22,32,40,50,30,27,6,13
desmoplastic infantile astrocytoma,27,27,1,1,0,0,0,0
None,0,0,0,0,2,2,0,1
None,0,0,1,0,0,1,0,1
None,0,0,0,0,0,1,0,0
neurinomatosis,0,1,5,2,7,7,3,5
acidophil adenoma,1,0,3,10,8,13,5,4
None,0,0,1,1,0,3,0,1
dysplastic gangliocytoma of cerebellum (lhermitte-duclos),2,2,6,18,15,16,6,3
ganglioneuroma,7,6,15,15,9,13,3,5
None,2,2,2,4,0,0,1,0
mast cell sarcoma,2,0,1,1,1,7,3,6
chromophobe adenoma,0,2,25,28,74,74,50,26
None,0,1,1,0,9,1,15,10
angiolipoma nos,0,0,0,0,2,5,5,3
teratoma benign,23,11,20,11,8,10,0,1
None,2,0,1,2,1,1,0,0
tumor cells uncertain whether benign or malignant,2,0,2,3,4,5,9,7
basophil adenoma,0,0,0,0,1,5,0,1
None,0,0,0,0,1,0,0,0
fibrolipoma,18,13,1,0,1,1,0,0
None,0,0,0,1,0,1,0,1
None,0,0,1,1,2,0,0,0
None,0,0,2,1,0,1,0,1
None,0,0,0,1,0,0,0,0
None,5,1,1,2,3,0,1,0
None,0,0,1,0,2,1,0,0
None,0,0,1,3,6,9,1,0
fetal adenocarcinoma,0,1,3,4,5,10,4,4
None,0,0,3,0,4,0,0,1
None,1,0,1,0,1,0,0,0
None,0,0,4,0,13,2,2,1
None,0,0,0,0,9,15,44,43
None,0,0,0,1,0,0,0,0
None,0,0,0,0,0,0,2,1
None,0,0,0,0,0,1,3,5
None,0,0,0,0,2,2,5,3
None,0,0,0,0,0,0,0,1
None,5,0,3,0,0,0,0,0
None,0,1,0,0,0,0,1,1
medulloepithelioma nos,11,11,3,9,0,2,0,0
None,0,0,0,0,0,0,1,1
None,0,0,0,0,0,1,1,2
acidophil carcinoma,1,0,1,1,4,3,7,3
None,0,0,0,0,0,0,0,1
None,0,0,0,0,1,1,3,3
None,0,2,3,1,3,1,1,1
None,0,0,1,2,2,0,1,0
basophil carcinoma,0,0,0,0,0,0,1,0
None,1,0,0,0,0,1,1,0
warthin tumor malignant,0,0,0,0,3,0,1,0
None,0,0,0,1,1,0,1,1
langerhans cell sarcoma,1,7,3,0,6,3,5,5
water-clear cell adenocarcinoma,0,0,0,0,0,0,1,0
None,1,0,0,0,3,3,5,1
None,0,0,1,0,2,3,1,2
None,0,0,0,0,0,0,0,1
None,0,0,1,2,6,1,6,3
None,0,0,1,2,1,0,0,0
melanotic neurofibroma,0,0,1,0,0,0,0,0
None,0,0,0,0,1,1,0,1
None,0,0,1,0,0,0,0,0
perineurioma nos,1,0,0,2,1,6,1,1
None,1,1,2,6,7,0,3,3
None,0,0,1,1,0,3,0,3
None,0,1,0,1,1,0,0,0
venous hemangioma,5,2,17,30,42,54,27,27
tumor cells benign,1,0,4,3,5,12,3,4
None,2,0,0,0,1,1,1,0
None,0,0,0,0,0,2,0,0
olfactory neuroblastoma,9,6,73,56,277,198,204,165
None,0,0,2,0,1,3,1,0
None,1,0,0,0,0,0,0,0
capillary hemangioma,3,3,11,4,17,5,5,3
askin tumor,3,1,4,4,1,1,0,1
None,1,1,0,2,1,0,0,0
granular cell tumor nos,0,0,1,0,3,8,2,2
None,1,0,0,0,0,0,0,1
None,2,0,1,2,2,0,0,3
leiomyoma nos,0,1,0,0,1,0,0,1
pinealoma nos,1,2,4,10,5,8,1,5
None,2,2,11,4,9,8,2,4
teratoid medulloepithelioma,1,3,0,0,1,0,0,0
meningeal melanomatosis,0,0,1,0,3,1,0,0
gliofibroma,1,0,2,1,0,1,0,0
None,0,0,0,0,1,0,0,0
None,0,0,0,1,0,0,0,0
None,0,0,0,3,1,3,0,0
None,0,1,0,0,1,1,4,2
None,0,1,0,0,0,0,0,0
None,0,0,0,1,1,1,1,2
None,0,0,0,0,1,5,10,14
None,0,0,0,0,0,0,6,2
None,0,0,0,0,3,1,1,0
None,0,0,0,1,0,0,1,0
None,0,0,1,0,2,1,1,0
None,0,0,0,0,1,0,0,0
None,0,0,1,2,2,3,0,0
neurothekeoma,0,0,2,1,6,4,3,3
None,0,0,0,0,1,0,0,0
smooth muscle tumor nos,0,1,0,0,0,0,0,0
papillary adenoma nos,0,0,0,3,4,4,1,0
None,1,0,0,1,1,2,1,0
None,1,0,0,0,2,0,0,0
None,0,0,2,1,8,6,0,2
None,0,0,1,0,0,1,2,0
None,0,0,1,0,0,1,0,0
polygonal cell carcinoma,0,0,0,0,0,2,20,10
None,0,0,0,0,0,0,2,0
None,1,1,0,0,1,0,0,0
None,0,1,0,0,0,0,0,0
None,0,0,1,0,0,0,0,0
None,0,0,0,0,2,0,0,0
None,0,0,0,0,1,0,0,0
None,0,0,1,0,0,0,1,0
None,0,0,0,0,0,1,3,1
None,0,0,0,0,0,0,1,0
None,0,0,0,0,1,1,0,0
None,0,1,0,1,0,0,0,0
None,1,0,0,1,0,0,0,0
pulmonary blastoma,4,4,9,6,8,20,20,20
cerebellar sarcoma nos,0,0,1,0,0,0,1,1
None,0,0,1,0,0,0,1,1
immunoproliferative small intestinal disease,0,0,0,1,3,0,0,1
None,0,0,0,0,0,1,1,0
retinoblastoma diffuse,7,4,0,0,0,0,0,0
dedifferentiated chordoma,0,1,1,3,4,2,3,0
None,0,1,0,0,0,0,0,0
atypical lipoma,0,0,1,0,0,0,0,0
fibroblastic liposarcoma,0,2,4,2,2,4,0,3
None,0,0,1,0,0,7,2,3
None,0,0,1,4,2,1,1,3
None,0,0,0,0,1,1,0,0
None,0,0,1,0,3,4,1,1
None,0,0,0,0,1,0,0,0
None,0,0,0,1,0,0,0,0
ameloblastic odontosarcoma,0,0,0,0,0,0,1,0
None,1,0,0,0,0,0,0,0
None,0,0,0,0,0,1,0,0
None,0,0,0,0,0,1,0,1
None,0,0,0,0,0,1,0,0
None,0,0,0,0,0,0,4,0
None,0,0,0,0,0,0,1,1
None,0,0,1,0,0,0,0,0
None,0,0,0,0,0,0,0,1
None,0,0,1,0,0,2,1,2
None,0,0,0,0,1,0,1,0
None,0,0,0,0,0,0,1,0
None,0,0,0,0,0,1,0,0
None,0,0,0,0,0,0,0,1
None,0,0,1,1,1,1,1,1
None,0,0,0,0,0,0,1,1
None,0,0,0,0,0,0,0,1
None,0,0,0,0,1,0,0,0
soft tissue tumor benign,0,1,1,0,0,2,0,0
None,0,0,0,0,2,0,0,1
None,1,0,0,0,0,0,0,0
bronchiolo-alveolar carcinoma non-mucinous,1,0,4,1,122,267,430,768
bronchiolo-alveolar carcinoma mucinous,0,1,9,12,187,262,631,731
olfactory neurcytoma,0,0,0,0,2,1,0,2
olfactory neuroepithelioma,0,0,0,0,3,1,1,1
bronch.-alv. carc. mixed mucin. and non-mucinous,0,0,1,2,14,38,67,86
pleuropulmonary blastoma,23,30,1,1,0,0,1,0
None,0,0,0,0,11,26,16,39
None,0,0,0,1,7,18,5,12
None,0,0,0,0,2,4,2,2
None,0,0,0,0,3,0,3,1
olfactory neurogenic tumor,0,0,0,0,0,2,1,1
None,0,0,0,1,1,0,2,0
None,0,0,0,0,0,0,1,0
None,0,0,0,1,0,0,0,0
None,0,0,0,0,0,1,0,0
renal cell carcinoma chromophobe type,5,7,401,467,2622,1947,1885,1341
renal cell carcinoma sarcomatoid,0,1,43,25,911,366,781,404
collecting duct carcinoma,0,0,19,14,151,68,155,62
malignant cystic nephroma,2,1,6,8,40,29,11,14
cyst-associated renal cell carcinoma,0,0,39,41,404,287,246,175
clear cell sarcoma of kidney,61,24,19,7,14,6,17,12
transitional cell carcinoma micropapillary,0,0,3,2,166,35,309,83
None,0,0,1,0,1,2,2,2
None,0,0,0,0,0,0,2,0
None,0,0,0,0,0,0,1,0
None,0,0,0,0,0,0,0,1
None,0,0,0,0,0,0,1,0
None,0,0,0,0,0,1,0,0
None,0,0,0,0,0,1,0,1
None,0,0,0,0,0,4,0,0
None,0,0,0,0,0,0,0,1
None,0,0,0,1,0,0,0,0
None,0,0,0,0,0,0,0,1
None,0,0,0,0,2,1,0,0
None,0,0,0,0,1,0,0,0
hemangioendothelioma nos,1,0,0,2,0,2,1,2
instrosseous well differentiated osteosarcoma,0,0,2,2,2,2,0,0
fibroma nos,0,0,0,0,0,1,0,0
epithelial tumor benign,0,0,0,1,2,2,0,0
hemangioendothelioma benign,0,1,0,0,1,1,0,0
cystic hypersecretory carcinoma,0,0,0,0,0,0,0,2
None,0,0,0,0,0,0,0,1
None,0,0,0,1,0,0,0,0
None,0,0,0,0,1,0,0,0
None,0,0,0,0,0,2,1,0
None,0,0,0,0,0,0,0,1
None,0,0,0,0,0,0,0,1
None,0,0,0,0,0,1,0,0
None,0,0,0,1,0,1,0,0
None,0,0,0,0,0,0,0,1
None,0,0,0,0,0,0,0,1
None,0,0,0,0,1,0,0,0
None,0,0,0,0,1,0,0,0
None,0,0,1,0,0,0,0,0
None,0,0,0,0,0,0,2,0
None,0,1,0,3,0,0,0,1
None,0,0,1,0,0,0,0,0
None,0,0,0,0,1,0,0,0
None,0,0,0,1,0,0,0,0
None,0,0,0,0,0,0,0,1
None,0,0,0,0,0,0,0,1
None,0,0,0,0,1,0,0,0
None,0,0,0,1,0,0,0,0
None,0,0,0,1,0,0,0,0
None,0,0,0,1,0,0,0,0
None,0,0,0,0,1,0,0,0
None,0,0,0,0,1,0,0,0
None,0,0,3,0,0,1,1,0
None,1,0,0,0,0,0,0,0
None,0,0,0,1,0,0,0,0
None,0,0,0,0,0,0,0,1
None,0,0,0,0,1,0,0,0
odontogenic carcinosarcoma,0,0,1,0,0,0,0,0
None,0,1,0,0,0,0,0,0
None,0,0,0,0,1,0,0,0
None,0,0,0,0,0,1,0,0
mixed cell adenoma,0,0,0,0,1,1,0,0
monomorphic adenoma,0,0,0,1,0,0,0,0
rhabdomyoma nos,1,0,1,0,0,0,0,0
None,0,0,0,0,0,0,1,0
None,0,0,0,0,0,0,0,1
None,0,0,0,0,1,0,0,0
None,0,1,0,0,0,0,0,0
None,0,0,0,0,0,1,0,0
None,0,0,0,0,0,0,1,0
None,0,0,1,0,0,0,0,0
None,1,1,0,0,0,0,0,0
None,1,0,0,0,1,0,0,1
None,0,1,0,0,0,0,0,0
None,0,0,0,0,0,0,1,0
None,0,0,0,0,1,0,0,0
mixed acidophil-basophil adenoma,0,0,0,0,0,1,0,0
None,0,0,0,0,0,0,1,0
None,0,0,0,0,1,0,0,0
None,0,0,0,0,1,0,0,0
None,0,0,0,0,1,0,0,0
None,0,0,0,0,0,0,0,1
None,0,0,0,0,0,0,0,1
None,0,0,0,0,1,0,0,0
None,0,0,0,0,0,1,0,0
None,0,0,0,0,0,1,0,0
None,0,0,0,0,0,1,0,0
None,0,0,0,0,0,0,0,1
None,0,0,0,0,1,0,0,0
